{
    "EEG.T8": 0.7239506172839506,
    "EEG.Pz": 0.7207407407407408,
    "EEG.T7": 0.6934567901234568,
    "EEG.AF3": 0.6770370370370371,
    "EEG.AF4": 0.6701234567901234
}