{
  "channel_0": {
    "channel": 0,
    "best_value": 0.5207407407407408,
    "best_params": {
      "h1": 224,
      "h_pre": 56,
      "dropout": 0.037734538855703464,
      "lr": 0.0022456473214511976,
      "batch_size": 128
    },
    "n_trials": 15,
    "seed": 42,
    "study_name": "mlp_channel_0_search"
  },
  "channel_1": {
    "channel": 1,
    "best_value": 0.48444444444444446,
    "best_params": {
      "h1": 64,
      "h_pre": 32,
      "dropout": 0.31172027483730746,
      "lr": 0.0027847210545811386,
      "batch_size": 32
    },
    "n_trials": 15,
    "seed": 42,
    "study_name": "mlp_channel_1_search"
  },
  "channel_2": {
    "channel": 2,
    "best_value": 0.5555555555555556,
    "best_params": {
      "h1": 64,
      "h_pre": 64,
      "dropout": 0.5651165640411238,
      "lr": 0.00012099432919344151,
      "batch_size": 128
    },
    "n_trials": 15,
    "seed": 42,
    "study_name": "mlp_channel_2_search"
  },
  "channel_3": {
    "channel": 3,
    "best_value": 0.5222222222222223,
    "best_params": {
      "h1": 64,
      "h_pre": 48,
      "dropout": 0.4407206812704405,
      "lr": 0.0004646774495028815,
      "batch_size": 64
    },
    "n_trials": 15,
    "seed": 42,
    "study_name": "mlp_channel_3_search"
  },
  "channel_4": {
    "channel": 4,
    "best_value": 0.5214814814814815,
    "best_params": {
      "h1": 128,
      "h_pre": 40,
      "dropout": 0.30468601279151875,
      "lr": 0.00023948984025711422,
      "batch_size": 32
    },
    "n_trials": 15,
    "seed": 42,
    "study_name": "mlp_channel_4_search"
  }
}