{
  "EEG.AF3": {
    "mean": 0.5029629629629631,
    "std": 0.06835716737812936,
    "per_subject": [
      0.6,
      0.44,
      0.5,
      0.34,
      0.54,
      0.46,
      0.44,
      0.5,
      0.5,
      0.5,
      0.58,
      0.56,
      0.56,
      0.56,
      0.54,
      0.5,
      0.5,
      0.52,
      0.5,
      0.5,
      0.44,
      0.32,
      0.52,
      0.46,
      0.5,
      0.64,
      0.56
    ]
  },
  "EEG.T7": {
    "mean": 0.482962962962963,
    "std": 0.09702289973352853,
    "per_subject": [
      0.5,
      0.54,
      0.5,
      0.44,
      0.5,
      0.48,
      0.48,
      0.5,
      0.5,
      0.5,
      0.5,
      0.06,
      0.52,
      0.54,
      0.4,
      0.5,
      0.46,
      0.38,
      0.54,
      0.48,
      0.5,
      0.66,
      0.5,
      0.48,
      0.58,
      0.5,
      0.5
    ]
  },
  "EEG.Pz": {
    "mean": 0.5192592592592592,
    "std": 0.13427241314873523,
    "per_subject": [
      0.5,
      0.56,
      0.52,
      0.5,
      0.5,
      0.58,
      0.72,
      0.5,
      0.04,
      0.5,
      0.52,
      0.52,
      0.48,
      0.46,
      0.52,
      0.54,
      0.56,
      0.5,
      0.54,
      0.68,
      0.8,
      0.54,
      0.6,
      0.48,
      0.5,
      0.24,
      0.62
    ]
  },
  "EEG.T8": {
    "mean": 0.49259259259259264,
    "std": 0.10710301695763108,
    "per_subject": [
      0.5,
      0.5,
      0.5,
      0.44,
      0.58,
      0.62,
      0.52,
      0.5,
      0.06,
      0.64,
      0.32,
      0.52,
      0.5,
      0.54,
      0.52,
      0.52,
      0.56,
      0.48,
      0.5,
      0.58,
      0.5,
      0.34,
      0.54,
      0.5,
      0.5,
      0.52,
      0.5
    ]
  },
  "EEG.AF4": {
    "mean": 0.5244444444444445,
    "std": 0.08543281238551594,
    "per_subject": [
      0.34,
      0.48,
      0.52,
      0.56,
      0.74,
      0.56,
      0.5,
      0.54,
      0.48,
      0.72,
      0.56,
      0.56,
      0.6,
      0.52,
      0.5,
      0.52,
      0.52,
      0.6,
      0.5,
      0.46,
      0.42,
      0.44,
      0.52,
      0.5,
      0.4,
      0.64,
      0.46
    ]
  },
  "EEG.AF3, EEG.T7": {
    "mean": 0.49333333333333335,
    "std": 0.1153416824209865,
    "per_subject": [
      0.62,
      0.54,
      0.46,
      0.2,
      0.54,
      0.46,
      0.52,
      0.48,
      0.3,
      0.52,
      0.5,
      0.56,
      0.52,
      0.52,
      0.5,
      0.5,
      0.38,
      0.62,
      0.42,
      0.46,
      0.26,
      0.42,
      0.56,
      0.54,
      0.78,
      0.5,
      0.64
    ]
  },
  "EEG.AF3, EEG.Pz": {
    "mean": 0.4770370370370371,
    "std": 0.09376151049593917,
    "per_subject": [
      0.48,
      0.5,
      0.42,
      0.42,
      0.5,
      0.5,
      0.26,
      0.56,
      0.3,
      0.5,
      0.54,
      0.42,
      0.72,
      0.42,
      0.52,
      0.54,
      0.48,
      0.5,
      0.46,
      0.58,
      0.5,
      0.52,
      0.56,
      0.46,
      0.48,
      0.26,
      0.48
    ]
  },
  "EEG.AF3, EEG.T8": {
    "mean": 0.46,
    "std": 0.12788884062167252,
    "per_subject": [
      0.32,
      0.46,
      0.52,
      0.34,
      0.6,
      0.5,
      0.6,
      0.48,
      0.08,
      0.62,
      0.5,
      0.6,
      0.6,
      0.5,
      0.52,
      0.56,
      0.38,
      0.54,
      0.46,
      0.44,
      0.24,
      0.38,
      0.54,
      0.5,
      0.42,
      0.22,
      0.5
    ]
  },
  "EEG.AF3, EEG.AF4": {
    "mean": 0.5,
    "std": 0.11021863793455329,
    "per_subject": [
      0.56,
      0.48,
      0.44,
      0.42,
      0.6,
      0.56,
      0.5,
      0.46,
      0.5,
      0.54,
      0.56,
      0.54,
      0.56,
      0.48,
      0.56,
      0.64,
      0.5,
      0.66,
      0.66,
      0.44,
      0.36,
      0.36,
      0.36,
      0.44,
      0.14,
      0.62,
      0.56
    ]
  },
  "EEG.T7, EEG.Pz": {
    "mean": 0.5607407407407408,
    "std": 0.11617119952660944,
    "per_subject": [
      0.54,
      0.44,
      0.54,
      0.38,
      0.36,
      0.5,
      0.54,
      0.58,
      0.78,
      0.54,
      0.62,
      0.46,
      0.54,
      0.5,
      0.52,
      0.62,
      0.52,
      0.48,
      0.48,
      0.7,
      0.76,
      0.86,
      0.62,
      0.54,
      0.72,
      0.5,
      0.5
    ]
  },
  "EEG.T7, EEG.T8": {
    "mean": 0.4970370370370371,
    "std": 0.12168005450892486,
    "per_subject": [
      0.5,
      0.42,
      0.5,
      0.34,
      0.58,
      0.64,
      0.5,
      0.48,
      0.24,
      0.58,
      0.62,
      0.38,
      0.52,
      0.5,
      0.58,
      0.54,
      0.5,
      0.62,
      0.46,
      0.5,
      0.64,
      0.68,
      0.6,
      0.5,
      0.46,
      0.12,
      0.42
    ]
  },
  "EEG.T7, EEG.AF4": {
    "mean": 0.4874074074074074,
    "std": 0.09078230340653944,
    "per_subject": [
      0.62,
      0.5,
      0.5,
      0.26,
      0.54,
      0.42,
      0.58,
      0.42,
      0.6,
      0.5,
      0.5,
      0.44,
      0.58,
      0.5,
      0.42,
      0.52,
      0.42,
      0.68,
      0.46,
      0.44,
      0.34,
      0.36,
      0.42,
      0.54,
      0.5,
      0.6,
      0.5
    ]
  },
  "EEG.Pz, EEG.T8": {
    "mean": 0.4896296296296296,
    "std": 0.12781588267044824,
    "per_subject": [
      0.5,
      0.44,
      0.38,
      0.72,
      0.5,
      0.5,
      0.5,
      0.62,
      0.06,
      0.5,
      0.54,
      0.56,
      0.48,
      0.46,
      0.5,
      0.58,
      0.54,
      0.5,
      0.44,
      0.7,
      0.5,
      0.5,
      0.58,
      0.48,
      0.5,
      0.18,
      0.46
    ]
  },
  "EEG.Pz, EEG.AF4": {
    "mean": 0.508888888888889,
    "std": 0.0789436429703627,
    "per_subject": [
      0.5,
      0.5,
      0.5,
      0.5,
      0.6,
      0.54,
      0.5,
      0.46,
      0.3,
      0.62,
      0.54,
      0.58,
      0.7,
      0.4,
      0.5,
      0.52,
      0.54,
      0.56,
      0.46,
      0.5,
      0.52,
      0.4,
      0.36,
      0.52,
      0.5,
      0.56,
      0.56
    ]
  },
  "EEG.T8, EEG.AF4": {
    "mean": 0.4977777777777777,
    "std": 0.10460979818613174,
    "per_subject": [
      0.66,
      0.58,
      0.58,
      0.52,
      0.64,
      0.56,
      0.5,
      0.5,
      0.44,
      0.8,
      0.5,
      0.38,
      0.5,
      0.48,
      0.46,
      0.58,
      0.48,
      0.48,
      0.4,
      0.46,
      0.34,
      0.34,
      0.44,
      0.5,
      0.5,
      0.28,
      0.54
    ]
  },
  "EEG.AF3, EEG.T7, EEG.Pz": {
    "mean": 0.49333333333333335,
    "std": 0.10694408369347523,
    "per_subject": [
      0.36,
      0.42,
      0.54,
      0.4,
      0.54,
      0.52,
      0.44,
      0.34,
      0.28,
      0.52,
      0.58,
      0.44,
      0.64,
      0.5,
      0.48,
      0.48,
      0.36,
      0.62,
      0.38,
      0.74,
      0.5,
      0.52,
      0.56,
      0.54,
      0.7,
      0.52,
      0.4
    ]
  },
  "EEG.AF3, EEG.T7, EEG.T8": {
    "mean": 0.46444444444444444,
    "std": 0.12452378423219466,
    "per_subject": [
      0.42,
      0.44,
      0.5,
      0.42,
      0.5,
      0.52,
      0.2,
      0.48,
      0.34,
      0.58,
      0.52,
      0.16,
      0.58,
      0.54,
      0.5,
      0.52,
      0.4,
      0.66,
      0.38,
      0.52,
      0.46,
      0.5,
      0.56,
      0.56,
      0.62,
      0.16,
      0.5
    ]
  },
  "EEG.AF3, EEG.T7, EEG.AF4": {
    "mean": 0.48000000000000004,
    "std": 0.08092062869348055,
    "per_subject": [
      0.58,
      0.48,
      0.48,
      0.28,
      0.52,
      0.58,
      0.6,
      0.48,
      0.54,
      0.54,
      0.48,
      0.46,
      0.56,
      0.48,
      0.48,
      0.5,
      0.34,
      0.56,
      0.44,
      0.44,
      0.28,
      0.38,
      0.52,
      0.5,
      0.48,
      0.44,
      0.54
    ]
  },
  "EEG.AF3, EEG.Pz, EEG.T8": {
    "mean": 0.4748148148148148,
    "std": 0.11123449939023117,