{
  "EEG.AF3": {
    "mean": 0.37259259259259253,
    "std": 0.13609889085983934,
    "per_subject": {
      "s1": 0.52,
      "s2": 0.26,
      "s3": 0.28,
      "s4": 0.52,
      "s5": 0.4,
      "s6": 0.06,
      "s7": 0.5,
      "s8": 0.52,
      "s9": 0.52,
      "s10": 0.42,
      "s11": 0.24,
      "s12": 0.34,
      "s13": 0.42,
      "s14": 0.28,
      "s15": 0.26,
      "s16": 0.08,
      "s17": 0.46,
      "s18": 0.44,
      "s19": 0.4,
      "s20": 0.38,
      "s21": 0.5,
      "s22": 0.58,
      "s23": 0.28,
      "s24": 0.18,
      "s25": 0.5,
      "s26": 0.44,
      "s27": 0.28
    }
  },
  "EEG.T7": {
    "mean": 0.32962962962962966,
    "std": 0.15581283837850632,
    "per_subject": {
      "s1": 0.14,
      "s2": 0.36,
      "s3": 0.12,
      "s4": 0.46,
      "s5": 0.36,
      "s6": 0.14,
      "s7": 0.44,
      "s8": 0.22,
      "s9": 0.52,
      "s10": 0.14,
      "s11": 0.28,
      "s12": 0.5,
      "s13": 0.24,
      "s14": 0.5,
      "s15": 0.4,
      "s16": 0.04,
      "s17": 0.54,
      "s18": 0.08,
      "s19": 0.32,
      "s20": 0.32,
      "s21": 0.4,
      "s22": 0.5,
      "s23": 0.1,
      "s24": 0.42,
      "s25": 0.34,
      "s26": 0.5,
      "s27": 0.52
    }
  },
  "EEG.Pz": {
    "mean": 0.3222222222222222,
    "std": 0.17293401296305527,
    "per_subject": {
      "s1": 0.08,
      "s2": 0.18,
      "s3": 0.14,
      "s4": 0.48,
      "s5": 0.08,
      "s6": 0.42,
      "s7": 0.24,
      "s8": 0.2,
      "s9": 0.54,
      "s10": 0.1,
      "s11": 0.14,
      "s12": 0.54,
      "s13": 0.22,
      "s14": 0.28,
      "s15": 0.44,
      "s16": 0.46,
      "s17": 0.54,
      "s18": 0.28,
      "s19": 0.08,
      "s20": 0.54,
      "s21": 0.5,
      "s22": 0.18,
      "s23": 0.5,
      "s24": 0.12,
      "s25": 0.4,
      "s26": 0.48,
      "s27": 0.54
    }
  },
  "EEG.T8": {
    "mean": 0.33999999999999997,
    "std": 0.17444090583813657,
    "per_subject": {
      "s1": 0.08,
      "s2": 0.28,
      "s3": 0.12,
      "s4": 0.5,
      "s5": 0.1,
      "s6": 0.56,
      "s7": 0.34,
      "s8": 0.14,
      "s9": 0.5,
      "s10": 0.14,
      "s11": 0.04,
      "s12": 0.48,
      "s13": 0.26,
      "s14": 0.16,
      "s15": 0.48,
      "s16": 0.28,
      "s17": 0.58,
      "s18": 0.48,
      "s19": 0.12,
      "s20": 0.4,
      "s21": 0.5,
      "s22": 0.3,
      "s23": 0.5,
      "s24": 0.26,
      "s25": 0.52,
      "s26": 0.52,
      "s27": 0.54
    }
  },
  "EEG.AF4": {
    "mean": 0.3244444444444444,
    "std": 0.17250514395622532,
    "per_subject": {
      "s1": 0.56,
      "s2": 0.48,
      "s3": 0.02,
      "s4": 0.54,
      "s5": 0.5,
      "s6": 0.04,
      "s7": 0.46,
      "s8": 0.24,
      "s9": 0.48,
      "s10": 0.5,
      "s11": 0.36,
      "s12": 0.4,
      "s13": 0.4,
      "s14": 0.16,
      "s15": 0.42,
      "s16": 0.4,
      "s17": 0.16,
      "s18": 0.5,
      "s19": 0.06,
      "s20": 0.24,
      "s21": 0.14,
      "s22": 0.52,
      "s23": 0.24,
      "s24": 0.1,
      "s25": 0.48,
      "s26": 0.24,
      "s27": 0.12
    }
  },
  "EEG.AF3, EEG.T7": {
    "mean": 0.40888888888888897,
    "std": 0.16620677290057914,
    "per_subject": {
      "s1": 0.58,
      "s2": 0.26,
      "s3": 0.18,
      "s4": 0.7,
      "s5": 0.3,
      "s6": 0.08,
      "s7": 0.56,
      "s8": 0.52,
      "s9": 0.54,
      "s10": 0.32,
      "s11": 0.3,
      "s12": 0.48,
      "s13": 0.48,
      "s14": 0.54,
      "s15": 0.38,
      "s16": 0.1,
      "s17": 0.58,
      "s18": 0.4,
      "s19": 0.36,
      "s20": 0.22,
      "s21": 0.54,
      "s22": 0.54,
      "s23": 0.14,
      "s24": 0.44,
      "s25": 0.38,
      "s26": 0.66,
      "s27": 0.46
    }
  },
  "EEG.AF3, EEG.Pz": {
    "mean": 0.4451851851851852,
    "std": 0.146018019445353,
    "per_subject": {
      "s1": 0.54,
      "s2": 0.3,
      "s3": 0.14,
      "s4": 0.6,
      "s5": 0.24,
      "s6": 0.4,
      "s7": 0.6,
      "s8": 0.54,
      "s9": 0.54,
      "s10": 0.38,
      "s11": 0.22,
      "s12": 0.52,
      "s13": 0.44,
      "s14": 0.4,
      "s15": 0.4,
      "s16": 0.42,
      "s17": 0.58,
      "s18": 0.38,
      "s19": 0.34,
      "s20": 0.66,
      "s21": 0.64,
      "s22": 0.58,
      "s23": 0.5,
      "s24": 0.1,
      "s25": 0.54,
      "s26": 0.54,
      "s27": 0.48
    }
  },
  "EEG.AF3, EEG.T8": {
    "mean": 0.44296296296296284,
    "std": 0.1675712079665507,
    "per_subject": {
      "s1": 0.64,
      "s2": 0.28,
      "s3": 0.22,
      "s4": 0.72,
      "s5": 0.32,
      "s6": 0.44,
      "s7": 0.6,
      "s8": 0.46,
      "s9": 0.5,
      "s10": 0.2,
      "s11": 0.1,
      "s12": 0.48,
      "s13": 0.54,
      "s14": 0.24,
      "s15": 0.46,
      "s16": 0.3,
      "s17": 0.58,
      "s18": 0.44,
      "s19": 0.26,
      "s20": 0.34,
      "s21": 0.62,
      "s22": 0.58,
      "s23": 0.5,
      "s24": 0.24,
      "s25": 0.58,
      "s26": 0.7,
      "s27": 0.62
    }
  },
  "EEG.AF3, EEG.AF4": {
    "mean": 0.38000000000000006,
    "std": 0.15672575717782627,
    "per_subject": {
      "s1": 0.62,
      "s2": 0.42,
      "s3": 0.16,
      "s4": 0.5,
      "s5": 0.42,
      "s6": 0.08,
      "s7": 0.5,
      "s8": 0.52,
      "s9": 0.54,
      "s10": 0.48,
      "s11": 0.32,
      "s12": 0.42,
      "s13": 0.48,
      "s14": 0.12,
      "s15": 0.36,
      "s16": 0.34,
      "s17": 0.54,
      "s18": 0.5,
      "s19": 0.22,
      "s20": 0.26,
      "s21": 0.5,
      "s22": 0.5,
      "s23": 0.14,
      "s24": 0.06,
      "s25": 0.48,
      "s26": 0.48,
      "s27": 0.3
    }
  },
  "EEG.T7, EEG.Pz": {
    "mean": 0.362962962962963,
    "std": 0.15335301358762415,
    "per_subject": {
      "s1": 0.16,
      "s2": 0.3,
      "s3": 0.16,
      "s4": 0.52,
      "s5": 0.32,
      "s6": 0.28,
      "s7": 0.36,
      "s8": 0.2,
      "s9": 0.52,
      "s10": 0.18,
      "s11": 0.26,
      "s12": 0.48,
      "s13": 0.18,
      "s14": 0.48,
      "s15": 0.4,
      "s16": 0.32,
      "s17": 0.54,
      "s18": 0.14,
      "s19": 0.16,
      "s20": 0.68,
      "s21": 0.54,
      "s22": 0.54,
      "s23": 0.42,
      "s24": 0.26,
      "s25": 0.34,
      "s26": 0.52,
      "s27": 0.54
    }
  },
  "EEG.T7, EEG.T8": {
    "mean": 0.3637037037037037,
    "std": 0.14350501728609555,
    "per_subject": {
      "s1": 0.16,
      "s2": 0.4,
      "s3": 0.1,
      "s4": 0.48,
      "s5": 0.24,
      "s6": 0.42,
      "s7": 0.5,
      "s8": 0.2,
      "s9": 0.52,
      "s10": 0.18,
      "s11": 0.22,
      "s12": 0.5,
      "s13": 0.24,
      "s14": 0.48,
      "s15": 0.48,
      "s16": 0.16,
      "s17": 0.52,
      "s18": 0.28,
      "s19": 0.18,
      "s20": 0.38,
      "s21": 0.54,
      "s22": 0.52,
      "s23": 0.32,
      "s24": 0.3,
      "s25": 0.46,
      "s26": 0.52,
      "s27": 0.52
    }
  },
  "EEG.T7, EEG.AF4": {
    "mean": 0.397037037037037,
    "std": 0.15286922067001546,
    "per_subject": {
      "s1": 0.56,
      "s2": 0.48,
      "s3": 0.12,
      "s4": 0.66,
      "s5": 0.48,
      "s6": 0.12,
      "s7": 0.5,
      "s8": 0.14,
      "s9": 0.62,
      "s10": 0.42,
      "s11": 0.38,
      "s12": 0.5,
      "s13": 0.52,
      "s14": 0.48,
      "s15": 0.34,
      "s16": 0.18,
      "s17": 0.5,
      "s18": 0.5,
      "s19": 0.34,
      "s20": 0.26,
      "s21": 0.4,
      "s22": 0.48,
      "s23": 0.16,
      "s24": 0.3,
      "s25": 0.28,
      "s26": 0.56,
      "s27": 0.44
    }
  },
  "EEG.Pz, EEG.T8": {
    "mean": 0.3533333333333333,
    "std": 0.18265531189364015,
    "per_subject": {
      "s1": 0.12,
      "s2": 0.22,
      "s3": 0.08,
      "s4": 0.5,
      "s5": 0.04,
      "s6": 0.5,
      "s7": 0.3,
      "s8": 0.1,
      "s9": 0.52,
      "s10": 0.18,
      "s11": 0.16,
      "s12": 0.52,
      "s13": 0.22,
      "s14": 0.3,
      "s15": 0.48,
      "s16": 0.4,
      "s17": 0.56,
      "s18": 0.42,
      "s19": 0.06,
      "s20": 0.62,
      "s21": 0.56,
      "s22": 0.3,
      "s23": 0.54,
      "s24": 0.26,
      "s25": 0.54,
      "s26": 0.52,
      "s27": 0.52
    }
  },