{
  "C1": {
    "combo": "C1",
    "per_subject": [
      0.48,
      0.42,
      0.46,
      0.6,
      0.62,
      0.5,
      0.28,
      0.36,
      0.14,
      0.56,
      0.62,
      0.64,
      0.52,
      0.44,
      0.5,
      0.5,
      0.48,
      0.42,
      0.46,
      0.56,
      0.48,
      0.52,
      0.48,
      0.48,
      0.58,
      0.36,
      0.58
    ],
    "mean": 0.4829629629629629,
    "std": 0.10717983554184249
  },
  "C2": {
    "combo": "C2",
    "per_subject": [
      0.36,
      0.4,
      0.64,
      0.18,
      0.56,
      0.46,
      0.54,
      0.48,
      0.22,
      0.48,
      0.48,
      0.46,
      0.46,
      0.26,
      0.52,
      0.48,
      0.48,
      0.52,
      0.5,
      0.44,
      0.58,
      0.4,
      0.48,
      0.5,
      0.5,
      0.44,
      0.46
    ],
    "mean": 0.45481481481481484,
    "std": 0.10016173477857997
  },
  "C3": {
    "combo": "C3",
    "per_subject": [
      0.48,
      0.56,
      0.5,
      0.52,
      0.58,
      0.52,
      0.6,
      0.54,
      0.02,
      0.48,
      0.4,
      0.58,
      0.6,
      0.56,
      0.52,
      0.52,
      0.46,
      0.56,
      0.46,
      0.72,
      0.38,
      0.66,
      0.58,
      0.46,
      0.64,
      0.36,
      0.44
    ],
    "mean": 0.5074074074074074,
    "std": 0.12603916477127824
  },
  "C4": {
    "combo": "C4",
    "per_subject": [
      0.52,
      0.56,
      0.46,
      0.34,
      0.48,
      0.72,
      0.64,
      0.54,
      0.06,
      0.62,
      0.5,
      0.46,
      0.44,
      0.62,
      0.4,
      0.48,
      0.46,
      0.38,
      0.48,
      0.64,
      0.48,
      0.5,
      0.64,
      0.4,
      0.4,
      0.18,
      0.32
    ],
    "mean": 0.47111111111111115,
    "std": 0.139770535053479
  },
  "C5": {
    "combo": "C5",
    "per_subject": [
      0.62,
      0.56,
      0.48,
      0.5,
      0.6,
      0.54,
      0.66,
      0.5,
      0.48,
      0.68,
      0.54,
      0.58,
      0.52,
      0.4,
      0.46,
      0.6,
      0.36,
      0.54,
      0.58,
      0.44,
      0.48,
      0.36,
      0.5,
      0.48,
      0.48,
      0.58,
      0.4
    ],
    "mean": 0.5155555555555557,
    "std": 0.08171011693711216
  },
  "C1+C2": {
    "combo": "C1+C2",
    "per_subject": [
      0.9,
      0.72,
      0.98,
      0.08,
      0.88,
      0.78,
      0.8,
      0.48,
      0.86,
      0.98,
      0.92,
      0.76,
      0.9,
      0.16,
      0.86,
      0.82,
      0.86,
      0.78,
      0.96,
      0.66,
      0.98,
      0.16,
      0.94,
      1.0,
      0.1,
      0.26,
      0.88
    ],
    "mean": 0.7207407407407408,
    "std": 0.2932061078380281
  },
  "C1+C3": {
    "combo": "C1+C3",
    "per_subject": [
      0.96,
      0.8,
      0.92,
      0.22,
      0.98,
      0.94,
      0.88,
      0.54,
      0.84,
      0.98,
      1.0,
      0.9,
      0.82,
      0.04,
      0.9,
      0.92,
      0.64,
      0.54,
      0.92,
      0.68,
      0.82,
      0.26,
      0.96,
      1.0,
      0.1,
      0.22,
      0.78
    ],
    "mean": 0.7244444444444446,
    "std": 0.2944591191311727
  },
  "C1+C4": {
    "combo": "C1+C4",
    "per_subject": [
      0.8,
      0.68,
      0.98,
      0.16,
      0.98,
      0.94,
      0.86,
      0.58,
      0.86,
      1.0,
      1.0,
      0.9,
      0.94,
      0.14,
      0.82,
      0.98,
      0.9,
      0.72,
      0.88,
      0.56,
      0.96,
      0.24,
      0.96,
      0.98,
      0.02,
      0.3,
      0.74
    ],
    "mean": 0.7362962962962962,
    "std": 0.2963999818582009
  },
  "C1+C5": {
    "combo": "C1+C5",
    "per_subject": [
      0.54,
      0.64,
      0.48,
      0.52,
      0.62,
      0.6,
      0.6,
      0.84,
      0.66,
      0.5,
      0.5,
      0.54,
      0.7,
      0.5,
      0.46,
      0.7,
      0.48,
      0.72,
      0.52,
      0.48,
      0.72,
      0.5,
      0.46,
      0.56,
      0.64,
      0.36,
      0.56
    ],
    "mean": 0.5703703703703704,
    "std": 0.10418933909639846
  },
  "C2+C3": {
    "combo": "C2+C3",
    "per_subject": [
      0.88,
      0.74,
      0.84,
      0.06,
      0.78,
      0.8,
      0.78,
      0.68,
      0.52,
      0.88,
      0.82,
      0.8,
      0.64,
      0.46,
      0.78,
      0.54,
      0.5,
      0.52,
      0.62,
      0.52,
      0.5,
      0.42,
      0.82,
      0.9,
      0.28,
      0.34,
      0.44
    ],
    "mean": 0.6244444444444446,
    "std": 0.20836814523966296
  },
  "C2+C4": {
    "combo": "C2+C4",
    "per_subject": [
      0.58,
      0.8,
      0.58,
      0.6,
      0.5,
      0.38,
      0.56,
      0.5,
      0.48,
      0.62,
      0.6,
      0.46,
      0.48,
      0.16,
      0.38,
      0.48,
      0.52,
      0.56,
      0.58,
      0.52,
      0.6,
      0.32,
      0.44,
      0.5,
      0.42,
      0.38,
      0.68
    ],
    "mean": 0.5066666666666667,
    "std": 0.12122828175098538
  },
  "C2+C5": {
    "combo": "C2+C5",
    "per_subject": [
      0.86,
      0.64,
      0.98,
      0.16,
      0.98,
      0.76,
      0.8,
      0.62,
      0.86,
      1.0,
      0.96,
      0.82,
      0.74,
      0.24,
      0.82,
      0.94,
      0.88,
      0.78,
      0.96,
      0.56,
      0.94,
      0.14,
      0.94,
      1.0,
      0.14,
      0.18,
      0.9
    ],
    "mean": 0.7259259259259259,
    "std": 0.2874570403879284
  },
  "C3+C4": {
    "combo": "C3+C4",
    "per_subject": [
      0.88,
      0.64,
      0.72,
      0.22,
      0.78,
      0.6,
      0.68,
      0.5,
      0.5,
      0.9,
      0.86,
      0.68,
      0.68,
      0.44,
      0.66,
      0.54,
      0.52,
      0.5,
      0.56,
      0.62,
      0.5,
      0.44,
      0.9,
      0.38,
      0.32,
      0.24,
      0.44
    ],
    "mean": 0.5814814814814815,
    "std": 0.18434475961579494
  },
  "C3+C5": {
    "combo": "C3+C5",
    "per_subject": [
      0.94,
      0.66,
      0.98,
      0.1,
      0.94,
      0.88,
      0.82,
      0.86,
      0.74,
      1.0,
      0.88,
      0.86,
      0.78,
      0.04,
      0.9,
      0.68,
      0.86,
      0.58,
      0.86,
      0.56,
      0.88,
      0.28,
      0.98,
      0.96,
      0.14,
      0.38,
      0.86
    ],
    "mean": 0.7185185185185184,
    "std": 0.28099958750073456
  },
  "C4+C5": {
    "combo": "C4+C5",
    "per_subject": [
      0.84,
      0.6,
      0.98,
      0.1,
      0.94,
      0.88,
      0.82,
      0.8,
      0.82,
      1.0,
      0.78,
      0.82,
      0.8,
      0.12,
      0.84,
      0.78,
      0.88,
      0.94,
      0.94,
      0.56,
      0.94,
      0.3,
      0.98,
      0.96,
      0.1,
      0.34,
      0.76
    ],
    "mean": 0.7266666666666668,
    "std": 0.27787553835272155
  },
  "C1+C2+C3": {
    "combo": "C1+C2+C3",
    "per_subject": [
      0.78,
      0.52,
      0.78,
      0.4,
      0.78,
      0.76,
      0.7,
      0.74,
      0.58,
      0.82,
      0.82,
      0.64,
      0.68,
      0.28,
      0.8,
      0.76,
      0.62,
      0.52,
      0.8,
      0.62,
      0.78,
      0.44,
      0.76,
      0.76,
      0.32,
      0.38,
      0.8
    ],
    "mean": 0.6533333333333333,
    "std": 0.1631177715866895
  },
  "C1+C2+C4": {
    "combo": "C1+C2+C4",
    "per_subject": [
      0.82,
      0.58,
      0.78,
      0.34,
      0.78,
      0.78,
      0.72,
      0.58,
      0.76,
      0.84,
      0.76,
      0.46,
      0.82,
      0.26,
      0.78,
      0.82,
      0.72,
      0.62,
      0.76,
      0.6,
      0.8,
      0.38,
      0.82,
      0.84,
      0.22,
      0.44,
      0.8
    ],
    "mean": 0.6622222222222222,
    "std": 0.18677245679511728
  },
  "C1+C2+C5": {
    "combo": "C1+C2+C5",
    "per_subject": [
      0.58,
      0.4,
      0.5,
      0.56,
      0.42,
      0.62,
      0.68,
      0.84,
      0.46,
      0.56,
      0.38,
      0.68,
      0.46,
      0.5,
      0.5,
      0.54,
      0.58,
      0.74,
      0.48,
      0.5,
      0.5,
      0.62,
      0.44,
      0.42,
      0.46,
      0.42,
      0.5
    ],