{
  "EEG.AF3": {
    "per_subject": [
      0.5,
      0.4,
      0.5,
      0.52,
      0.54,
      0.54,
      0.72,
      0.5,
      0.36,
      0.54,
      0.48,
      0.64,
      0.56,
      0.5,
      0.5,
      0.48,
      0.4,
      0.56,
      0.54,
      0.56,
      0.66,
      0.5,
      0.44,
      0.64,
      0.5,
      0.48,
      0.48
    ],
    "mean": 0.52,
    "std": 0.07812620369443088
  },
  "EEG.T7": {
    "per_subject": [
      0.48,
      0.44,
      0.5,
      0.42,
      0.5,
      0.54,
      0.54,
      0.52,
      0.54,
      0.54,
      0.48,
      0.34,
      0.4,
      0.5,
      0.5,
      0.52,
      0.58,
      0.64,
      0.46,
      0.46,
      0.54,
      0.52,
      0.46,
      0.58,
      0.46,
      0.44,
      0.7
    ],
    "mean": 0.5037037037037037,
    "std": 0.07139603413346067
  },
  "EEG.Pz": {
    "per_subject": [
      0.52,
      0.48,
      0.54,
      0.56,
      0.48,
      0.54,
      0.62,
      0.46,
      0.26,
      0.54,
      0.56,
      0.64,
      0.62,
      0.46,
      0.54,
      0.56,
      0.52,
      0.5,
      0.5,
      0.54,
      0.54,
      0.44,
      0.48,
      0.5,
      0.64,
      0.42,
      0.46
    ],
    "mean": 0.5155555555555557,
    "std": 0.07607663452721641
  },
  "EEG.T8": {
    "per_subject": [
      0.48,
      0.54,
      0.6,
      0.62,
      0.64,
      0.48,
      0.52,
      0.46,
      0.18,
      0.54,
      0.52,
      0.46,
      0.68,
      0.48,
      0.62,
      0.44,
      0.52,
      0.44,
      0.44,
      0.5,
      0.62,
      0.54,
      0.56,
      0.5,
      0.48,
      0.42,
      0.5
    ],
    "mean": 0.5103703703703704,
    "std": 0.09355059955788955
  },
  "EEG.AF4": {
    "per_subject": [
      0.64,
      0.34,
      0.58,
      0.44,
      0.6,
      0.6,
      0.56,
      0.58,
      0.4,
      0.56,
      0.54,
      0.52,
      0.54,
      0.5,
      0.46,
      0.58,
      0.52,
      0.64,
      0.4,
      0.52,
      0.48,
      0.48,
      0.42,
      0.6,
      0.54,
      0.5,
      0.42
    ],
    "mean": 0.517037037037037,
    "std": 0.07653683764793771
  },
  "EEG.AF3+EEG.T7": {
    "per_subject": [
      0.48,
      0.36,
      0.48,
      0.44,
      0.52,
      0.5,
      0.7,
      0.52,
      0.4,
      0.44,
      0.54,
      0.48,
      0.44,
      0.46,
      0.58,
      0.48,
      0.54,
      0.6,
      0.32,
      0.52,
      0.64,
      0.58,
      0.56,
      0.66,
      0.48,
      0.56,
      0.48
    ],
    "mean": 0.5096296296296297,
    "std": 0.08474281271748202
  },
  "EEG.AF3+EEG.Pz": {
    "per_subject": [
      0.46,
      0.4,
      0.58,
      0.48,
      0.54,
      0.54,
      0.7,
      0.46,
      0.34,
      0.38,
      0.48,
      0.68,
      0.66,
      0.58,
      0.42,
      0.48,
      0.46,
      0.56,
      0.52,
      0.54,
      0.52,
      0.56,
      0.54,
      0.58,
      0.46,
      0.48,
      0.46
    ],
    "mean": 0.5133333333333334,
    "std": 0.08450290374147353
  },
  "EEG.AF3+EEG.T8": {
    "per_subject": [
      0.58,
      0.6,
      0.48,
      0.32,
      0.56,
      0.48,
      0.54,
      0.52,
      0.26,
      0.5,
      0.6,
      0.54,
      0.4,
      0.56,
      0.54,
      0.5,
      0.54,
      0.6,
      0.44,
      0.52,
      0.6,
      0.48,
      0.7,
      0.54,
      0.54,
      0.46,
      0.5
    ],
    "mean": 0.514814814814815,
    "std": 0.08702363963082294
  },
  "EEG.AF3+EEG.AF4": {
    "per_subject": [
      0.56,
      0.58,
      0.7,
      0.5,
      0.66,
      0.6,
      0.58,
      0.5,
      0.34,
      0.7,
      0.56,
      0.74,
      0.5,
      0.54,
      0.46,
      0.5,
      0.54,
      0.6,
      0.48,
      0.56,
      0.56,
      0.54,
      0.48,
      0.62,
      0.46,
      0.46,
      0.52
    ],
    "mean": 0.5496296296296298,
    "std": 0.08491745366471995
  },
  "EEG.T7+EEG.Pz": {
    "per_subject": [
      0.44,
      0.48,
      0.52,
      0.6,
      0.5,
      0.62,
      0.7,
      0.5,
      0.26,
      0.48,
      0.5,
      0.5,
      0.56,
      0.44,
      0.52,
      0.42,
      0.54,
      0.62,
      0.38,
      0.52,
      0.7,
      0.6,
      0.62,
      0.7,
      0.56,
      0.46,
      0.52
    ],
    "mean": 0.5281481481481481,
    "std": 0.09816980893054408
  },
  "EEG.T7+EEG.T8": {
    "per_subject": [
      0.46,
      0.52,
      0.44,
      0.52,
      0.52,
      0.48,
      0.52,
      0.56,
      0.16,
      0.6,
      0.5,
      0.52,
      0.46,
      0.4,
      0.54,
      0.5,
      0.54,
      0.62,
      0.64,
      0.56,
      0.5,
      0.54,
      0.6,
      0.66,
      0.38,
      0.4,
      0.46
    ],
    "mean": 0.5037037037037038,
    "std": 0.0966148576929207
  },
  "EEG.T7+EEG.AF4": {
    "per_subject": [
      0.52,
      0.44,
      0.46,
      0.48,
      0.52,
      0.54,
      0.62,
      0.52,
      0.28,
      0.54,
      0.5,
      0.62,
      0.48,
      0.5,
      0.5,
      0.5,
      0.6,
      0.6,
      0.48,
      0.52,
      0.52,
      0.5,
      0.54,
      0.7,
      0.52,
      0.62,
      0.52
    ],
    "mean": 0.5237037037037037,
    "std": 0.07464226526613696
  },
  "EEG.Pz+EEG.T8": {
    "per_subject": [
      0.54,
      0.52,
      0.54,
      0.5,
      0.46,
      0.54,
      0.62,
      0.58,
      0.34,
      0.5,
      0.52,
      0.58,
      0.64,
      0.48,
      0.42,
      0.46,
      0.54,
      0.56,
      0.56,
      0.5,
      0.58,
      0.44,
      0.6,
      0.5,
      0.44,
      0.46,
      0.52
    ],
    "mean": 0.5162962962962963,
    "std": 0.06532812610473877
  },
  "EEG.Pz+EEG.AF4": {
    "per_subject": [
      0.52,
      0.46,
      0.5,
      0.48,
      0.5,
      0.72,
      0.56,
      0.6,
      0.4,
      0.54,
      0.52,
      0.5,
      0.62,
      0.52,
      0.44,
      0.58,
      0.46,
      0.6,
      0.54,
      0.66,
      0.66,
      0.52,
      0.54,
      0.48,
      0.6,
      0.42,
      0.46
    ],
    "mean": 0.5333333333333334,
    "std": 0.07601169500660919
  },
  "EEG.T8+EEG.AF4": {
    "per_subject": [
      0.56,
      0.44,
      0.44,
      0.44,
      0.52,
      0.62,
      0.68,
      0.56,
      0.3,
      0.54,
      0.5,
      0.46,
      0.52,
      0.62,
      0.44,
      0.54,
      0.52,
      0.5,
      0.5,
      0.54,
      0.54,
      0.56,
      0.56,
      0.56,
      0.48,
      0.46,
      0.48
    ],
    "mean": 0.5140740740740741,
    "std": 0.07197012030513257
  },
  "EEG.AF3+EEG.T7+EEG.Pz": {
    "per_subject": [
      0.48,
      0.42,
      0.48,
      0.44,
      0.44,
      0.68,
      0.68,
      0.58,
      0.14,
      0.52,
      0.6,
      0.62,
      0.58,
      0.48,
      0.4,
      0.36,
      0.44,
      0.62,
      0.46,
      0.54,
      0.56,
      0.56,
      0.48,
      0.5,
      0.52,
      0.52,
      0.52
    ],
    "mean": 0.5044444444444444,
    "std": 0.10643493346513817
  },
  "EEG.AF3+EEG.T7+EEG.T8": {
    "per_subject": [
      0.62,
      0.36,
      0.46,
      0.48,
      0.5,
      0.54,
      0.64,
      0.58,
      0.3,
      0.54,
      0.62,
      0.36,
      0.48,
      0.48,
      0.48,
      0.54,
      0.5,
      0.62,
      0.4,
      0.56,
      0.62,
      0.66,
      0.56,
      0.54,
      0.42,
      0.44,
      0.54
    ],
    "mean": 0.5125925925925926,
    "std": 0.09078230340653945
  },
  "EEG.AF3+EEG.T7+EEG.AF4": {
    "per_subject": [
      0.6,
      0.36,
      0.52,
      0.46,
      0.56,
      0.54,
      0.74,
      0.54,
      0.36,
      0.5,
      0.62,
      0.5,
      0.42,
      0.48,
      0.4,
      0.5,
      0.56,
      0.6,
      0.44,
      0.5,
      0.6,
      0.52,
      0.52,
      0.64,
      0.42,
      0.46,
      0.48
    ],
    "mean": 0.5125925925925926,
    "std": 0.08574694002066834
  },